id,output
1,4223
2,3432
3,6400
4,4248
5,7356
6,6454
7,6953
8,6913
9,6002
10,7078
11,3601
12,5398
13,6255
14,6266
15,5789
16,4458
17,7275
18,7464
19,4324
20,7393
21,7778
22,4809
23,4366
24,4159
25,2911
26,6789
27,7826
28,5539
29,6180
30,5720
31,6573
32,7352
33,6756
34,7340
35,6180
36,4642
37,4711
38,3330
39,6977
40,3437
41,5171
42,4838
43,6713
44,7273
45,5943
46,5772
47,4152
48,8156
49,7030
50,5423
51,7838
52,6430
53,5991
54,3987
55,7056
56,5447
57,6585
58,4313
59,8262
60,7034
61,5961
62,5748
63,5798
64,5297
65,8162
66,8220
67,6314
68,7319
69,7472
70,6647
71,6163
72,5553
73,7722
74,5601
75,8261
76,7502
77,5382
78,4216
79,7556
80,6278
81,4113
82,5040
83,4333
84,7343
85,7340
86,7102
87,5245
88,7816
89,6522
90,6153
91,6272
92,5894
93,7634
94,6523
95,4328
96,5013
97,6944
98,6218
99,5301
100,4955
101,6244
102,7362
103,4808
104,4394
105,7408
106,5621
107,4629
108,5044
109,7133
110,5301
111,6292
112,5359
113,4397
114,4533
115,5961
116,5534
117,7847
118,5953
119,5931
120,6230
121,8166
122,6555
123,6913
124,6179
125,6816
126,6051
127,8247
128,8265
129,4263
130,5581
131,6516
132,4041
133,5584
134,6217
135,6473
136,3969
137,7399
138,5442
139,5558
140,5378
141,7035
142,8247
143,7465
144,4554
145,6339
146,5462
147,5749
148,5410
149,6214
150,5673
151,6229
152,7876
153,7392
154,3747
155,7369
156,3758
157,6924
158,5255
159,6739
160,6630
161,6722
162,5673
163,5433
164,5618
165,7433
166,4785
167,6057
168,3466
169,5032
170,7451
171,5427
172,3321
173,4713
174,3293
175,7062
176,6595
177,5691
178,7282
179,7692
180,3954
181,6751
182,5385
183,5600
184,3051
185,6540
186,6507
187,6601
188,4997
189,4836
190,4275
191,7343
192,4245
193,5436
194,4346
195,6431
196,6745
197,6846
198,6146
199,7392
200,6768
201,3336
202,6908
203,5509
204,5366
205,7512
206,6043
207,8059
208,6657
209,6374
210,3673
211,7877
212,5815
213,2588
214,5529
215,7534
216,3482
217,5854
218,5573
219,5490
220,5055
221,6802
222,4303
223,4998
224,3958
225,5388
226,5329
227,6794
228,6363
229,6526
230,7043
231,6514
232,5574
233,7324
234,4373
235,5598
236,7957
237,4399
238,4752
239,6480
240,3380
241,5449
242,6119
243,7360
244,2738
245,7332
246,6995
247,6556
248,3481
249,6688
250,6128
251,7499
252,7070
253,5418
254,4863
255,4147
256,5850
257,5625
258,4945
259,6197
260,6440
261,5130
262,5738
263,7297
264,3776
265,5576
266,7206
267,6289
268,4914
269,6395
270,8276
271,6205
272,7539
273,2538
274,4610
275,5518
276,5053
277,4312
278,4128
279,5937
280,6657
281,5506
282,4309
283,6420
284,5969
285,3401
286,3294
287,6960
288,6700
289,5366
290,3686
291,4264
292,7508
293,8104
294,3408
295,6727
296,4295
297,7778
298,7262
299,7506
300,6562
301,4734
302,5840
303,4839
304,5721
305,7693
306,3265
307,5762
308,6791
309,4312
310,6326
311,5591
312,5788
313,6984
314,5770
315,6486
316,7399
317,8306
318,7728
319,6719
320,6173
321,7157
322,6359
323,5806
324,6805
325,4086
326,6820
327,6431
328,5420
329,7346
330,6447
331,7394
332,4059
333,7375
334,6239
335,3932
336,3378
337,3478
338,6326
339,6790
340,3317
341,5424
342,3227
343,7767
344,6439
345,6255
346,7335
347,7005
348,6445
349,6532
350,6882
351,4631
352,3830
353,7342
354,6955
355,5586
356,6821
357,6285
358,7629
359,7346
360,6200
361,4587
362,5593
363,3713
364,6912
365,5769
366,7495
367,2521
368,7101
369,7009
370,8154
371,5658
372,3898
373,6140
374,5785
375,5305
376,7397
377,5719
378,6900
379,5711
380,6707
381,6405
382,6476
383,5672
384,8039
385,8135
386,4306
387,5805
388,4061
389,5500
390,5856
391,6245
392,5465
393,4849
394,4033
395,5664
396,7860
397,4663
398,6923
399,6329
400,6829
401,5697
402,5675
403,7415
404,6815
405,6800
406,7036
407,4098
408,6830
409,5052
410,7592
411,3483
412,5403
413,6044
414,7214
415,7062
416,7477
417,4691
418,6019
419,6401
420,5734
421,3798
422,5546
423,6414
424,5545
425,6809
426,6404
427,7732
428,6434
429,6894
430,5580
431,6011
432,5811
433,4832
434,5593
435,6716
436,6214
437,7605
438,7718
439,5071
440,6733
441,6742
442,3985
443,7055
444,6154
445,6187
446,5704
447,6914
448,3507
449,3363
450,6994
451,4112
452,4643
453,7517
454,7204
455,7418
456,4196
457,5885
458,6439
459,5003
460,2565
461,6933
462,8216
463,5264
464,5549
465,7041
466,7037
467,6791
468,7038
469,7703
470,7936
471,7083
472,4394
473,2885
474,6392
475,4305
476,5494
477,7520
478,4076
479,5929
480,8198
481,4134
482,7506
483,7215
484,6209
485,5511
486,5537
487,7601
488,7034
489,7573
490,8265
491,7515
492,3735
493,3763
494,6462
495,7706
496,7502
497,7628
498,3277
499,5594
500,5720
501,3934
502,5630
503,5569
504,5228
505,6720
506,4080
507,3254
508,5697
509,7518
510,8172
511,5179
512,5624
513,3523
514,7353
515,5744
516,6323
517,5004
518,8182
519,7581
520,5488
521,7348
522,4754
523,5654
524,4268
525,7369
526,6827
527,6835
528,4579
529,6893
530,7635
531,3952
532,7637
533,6962
534,4099
535,6439
536,7370
537,7638
538,6544
539,5745
540,5659
541,6386
542,6522
543,5975
544,3771
545,4636
546,5289
547,5604
548,8182
549,2530
550,7528
551,3263
552,5005
553,3395
554,3568
555,4379
556,6157
557,7742
558,6292
559,5281
560,7343
561,4115
562,5835
563,6188
564,4627
565,5782
566,8267
567,8252
568,6388
569,5647
570,6291
571,4535
572,6259
573,3438
574,5290
575,4329
576,4919
577,8237
578,6747
579,5576
580,2721
581,5394
582,6104
583,7341
584,6074
585,4305
586,6785
587,7255
588,8062
589,6524
590,5054
591,4783
592,4180
593,7539
594,4031
595,2734
596,4798
597,4331
598,7005
599,4389
600,7956
601,5681
602,6366
603,6556
604,6589
605,5001
606,3466
607,6948
608,4665
609,5074
610,7848
611,7451
612,7463
613,6547
614,6919
615,6256
616,5232
617,7396
618,7411
619,6452
620,7947
621,4774
622,7416
623,7733
624,5054
625,4594
626,4652
627,6392
628,5622
629,4255
630,6446
631,7121
632,6166
633,6225
634,5569
635,7485
636,4331
637,7268
638,6444
639,5026
640,5169
641,8132
642,5234
643,5568
644,4794
645,6371
646,4809
647,3854
648,6397
649,8186
650,5741
651,3100
652,6466
653,7497
654,6219
655,7491
656,5078
657,4803
658,6904
659,6771
660,7520
661,5733
662,4142
663,4352
664,4181
665,6529
666,5613
667,4768
668,6204
669,5591
670,6455
671,4180
672,4983
673,5566
674,6513
675,6777
676,7494
677,6320
678,4992
679,4235
680,6960
681,7057
682,5512
683,7028
684,4820
685,7605
686,5681
687,2774
688,7387
689,5710
690,4400
691,7585
692,5596
693,5019
694,5845
695,6462
696,6819
697,5559
698,5554
699,7368
700,6721
701,5784
702,8274
703,6224
704,4690
705,5300
706,5755
707,4222
708,5566
709,7489
710,4811
711,4314
712,4122
713,5351
714,8155
715,7759
716,7483
717,5059
718,6431
719,4175
720,6671
721,7144
722,6412
723,7054
724,6207
725,8126
726,5644
727,7305
728,4613
729,7555
730,5723
731,7502
732,4631
733,7869
734,4177
735,5935
736,7252
737,4905
738,8160
739,4284
740,4229
741,4178
742,5323
743,7377
744,6783
745,7013
746,5872
747,7659
748,5772
749,3476
750,7412
751,5569
752,4035
753,6764
754,8365
755,7578
756,5868
757,5249
758,4771
759,6837
760,6905
761,5250
762,6204
763,3842
764,6416
765,4362
766,6818
767,5565
768,5580
769,3829
770,3796
771,5976
772,6111
773,7335
774,6540
775,5571
776,6938
777,3989
778,5752
779,4627
780,5629
781,7785
782,7487
783,7120
784,4751
785,4764
786,3937
787,4992
788,5520
789,6254
790,6848
791,6210
792,7123
793,6532
794,6593
795,7906
796,7876
797,3408
798,5591
799,5759
800,6192
801,6686
802,7774
803,5552
804,4672
805,6218
806,5564
807,8161
808,7366
809,4683
810,4872
811,4563
812,4353
813,3951
814,6200
815,6403
816,7555
817,7316
818,7478
819,2852
820,6905
821,6821
822,8149
823,2482
824,5594
825,7527
826,7465
827,7428
828,6174
829,7535
830,5574
831,5465
832,7592
833,3997
834,5680
835,5919
836,7316
837,6776
838,6844
839,6635
840,5754
841,7359
842,5483
843,5711
844,8119
845,7486
846,8001
847,2578
848,6945
849,7443
850,6617
851,6638
852,5957
853,7174
854,8223
855,5966
856,6549
857,6827
858,6012
859,4607
860,4678
861,6792
862,5416
863,5719
864,5278
865,6245
866,5584
867,7201
868,7803
869,5743
870,5790
871,6378
872,5016
873,7162
874,7184
875,7449
876,6206
877,7336
878,7287
879,2526
880,8153
881,6175
882,6841
883,7041
884,4288
885,5353
886,6488
887,7357
888,5512
889,6628
890,5857
891,6673
892,8064
893,6583
894,6379
895,4087
896,8316
897,5624
898,6550
899,3639
900,6403
901,5123
902,8417
903,8173
904,6720
905,7247
906,5730
907,6799
908,5599
909,4286
910,7528
911,3298
912,7250
913,4277
914,7123
915,7429
916,5578
917,4203
918,5691
919,6256
920,5699
921,5355
922,8257
923,7223
924,6232
925,4285
926,3122
927,6530
928,6638
929,5235
930,8277
931,3955
932,6992
933,6526
934,6584
935,5759
936,5804
937,6209
938,8264
939,5355
940,3497
941,6072
942,3813
943,8126
944,4716
945,6694
946,7405
947,5492
948,3850
949,5989
950,6995
951,3449
952,6852
953,8142
954,7072
955,6107
956,4621
957,6152
958,6750
959,5433
960,5885
961,4089
962,6342
963,6914
964,7505
965,7475
966,7627
967,5687
968,7527
969,4297
970,7651
971,6514
972,4084
973,6768
974,4771
975,5571
976,4363
977,4192
978,4222
979,5947
980,6948
981,5588
982,6810
983,7324
984,6255
985,5407
986,7378
987,5700
988,6172
989,4061
990,4287
991,4130
992,4358
993,5102
994,3792
995,6483
996,6261
997,4916
998,4243
999,3795
1000,6746
1001,4812
1002,7888
1003,5909
1004,4913
1005,5763
1006,8213
1007,6816
1008,6348
1009,8304
1010,6948
1011,5048
1012,6603
1013,6524
1014,6283
1015,4769
1016,6597
1017,7412
1018,5569
1019,7595
1020,5413
1021,5552
1022,7858
1023,4241
1024,7519
1025,8241
1026,6802
1027,8029
1028,5466
1029,5438
1030,6277
1031,7043
1032,4376
1033,6676
1034,7576
1035,7041
1036,7339
1037,7782
1038,5663
1039,7064
1040,5518
1041,3090
1042,5427
1043,6204
1044,6656
1045,6696
1046,2519
1047,4643
1048,5084
1049,7500
1050,3616
1051,4291
1052,6414
1053,5947
1054,6402
1055,8166
1056,4801
1057,6803
1058,6776
1059,6074
1060,5615
1061,6549
1062,6351
1063,5547
1064,8211
1065,6428
1066,5377
1067,7517
1068,7346
1069,6516
1070,3848
1071,3504
1072,6188
1073,6806
1074,4848
1075,5911
1076,4374
1077,5431
1078,7031
1079,4767
1080,4246
1081,3399
1082,7586
1083,3699
1084,5830
1085,7098
1086,5656
1087,5011
1088,6161
1089,6130
1090,6296
1091,7363
1092,4259
1093,6025
1094,6899
1095,6917
1096,5078
1097,4662
1098,6988
1099,7470
1100,5562
1101,5637
1102,6259
1103,5193
1104,6515
1105,6998
1106,6176
1107,4420
1108,3778
1109,8098
1110,8252
1111,4352
1112,6177
1113,7315
1114,6143
1115,5649
1116,5968
1117,6518
1118,7792
1119,7431
1120,6526
1121,6461
1122,6210
1123,3218
1124,4635
1125,5711
1126,6265
1127,6805
1128,4670
1129,6990
1130,7039
1131,6084
1132,6717
1133,8258
1134,6425
1135,5710
1136,5393
1137,6203
1138,5865
1139,7598
1140,7003
1141,6237
1142,5825
1143,7956
1144,6437
1145,5809
1146,6488
1147,7621
1148,7636
1149,3959
1150,5893
1151,6385
1152,7772
1153,5566
1154,4306
1155,7689
1156,7350
1157,6550
1158,7045
1159,5560
1160,5911
1161,8253
1162,6432
1163,3343
1164,4576
1165,5574
1166,4650
1167,7228
1168,6215
1169,7291
1170,4643
1171,5698
1172,6395
1173,7232
1174,5412
1175,4686
1176,4791
1177,6119
1178,2760
1179,7552
1180,6490
1181,4809
1182,4895
1183,7315
1184,5711
1185,6698
1186,7735
1187,3922
1188,5696
1189,6140
1190,6754
1191,7364
1192,7399
1193,5729
1194,8268
1195,7209
1196,6184
1197,5713
1198,6773
1199,4041
1200,5532
1201,5684
1202,6775
1203,6252
1204,6284
1205,5649
1206,4415
1207,4691
1208,4629
1209,7341
1210,8246
1211,8175
1212,5629
1213,5259
1214,5543
1215,5455
1216,6184
1217,5432
1218,5255
1219,5215
1220,7832
1221,6586
1222,8105
1223,3738
1224,5436
1225,6157
1226,2952
1227,4447
1228,6480
1229,4789
1230,5952
1231,7537
1232,6448
1233,5716
1234,5227
1235,6564
1236,5248
1237,5301
1238,6202
1239,6719
1240,7364
1241,4874
1242,6976
1243,4323
1244,4848
1245,3458
1246,5436
1247,5410
1248,4812
1249,6884
1250,3315
1251,7861
1252,5288
1253,3470
1254,8253
1255,7456
1256,7103
1257,5538
1258,4831
1259,7110
1260,7656
1261,8077
1262,6588
1263,6477
1264,4602
1265,3465
1266,6602
1267,5593
1268,4817
1269,5847
1270,7271
1271,7663
1272,5567
1273,5300
1274,4972
1275,5569
1276,4073
1277,5984
1278,4099
1279,6797
1280,5600
1281,7527
1282,7021
1283,7778
1284,5953
1285,7950
1286,7352
1287,8283
1288,5830
1289,6323
1290,7622
1291,5100
1292,7864
1293,7260
1294,6972
1295,3297
1296,3792
1297,7065
1298,7129
1299,7055
1300,5320
1301,7558
1302,7027
1303,7472
1304,6361
1305,6094
1306,7367
1307,6383
1308,5919
1309,7406
1310,7411
1311,5382
1312,6981
1313,4885
1314,6188
1315,4926
1316,7739
1317,5736
1318,7555
1319,5641
1320,7817
1321,7507
1322,6078
1323,7751
1324,7747
1325,4940
1326,4323
1327,7006
1328,6954
1329,5559
1330,5564
1331,4146
1332,6537
1333,6288
1334,7315
1335,3679
1336,7740
1337,8258
1338,4526
1339,3739
1340,6197
1341,6420
1342,4758
1343,7359
1344,5014
1345,8119
1346,7746
1347,5778
1348,7794
1349,7685
1350,6776
1351,4325
1352,5988
1353,3344
1354,6535
1355,5321
1356,7577
1357,5540
1358,5415
1359,7280
1360,4602
1361,6483
1362,6951
1363,6393
1364,5692
1365,7257
1366,5265
1367,5487
1368,4015
1369,5741
1370,6062
1371,7349
1372,4718
1373,7464
1374,5526
1375,6513
1376,5449
1377,5325
1378,7533
1379,5847
1380,5302
1381,6263
1382,7485
1383,6182
1384,7369
1385,6805
1386,6691
1387,7454
1388,8224
1389,4817
1390,5316
1391,4829
1392,8251
1393,7631
1394,7423
1395,5568
1396,4002
1397,3860
1398,6595
1399,6552
1400,4113
1401,5686
1402,3228
1403,6313
1404,7430
1405,4226
1406,8281
1407,6716
1408,4401
1409,6331
1410,3736
1411,5690
1412,7501
1413,7385
1414,8247
1415,7382
1416,7287
1417,4091
1418,6177
1419,7194
1420,5638
1421,6548
1422,6219
1423,7948
1424,4361
1425,6296
1426,6710
1427,7043
1428,6724
1429,6986
1430,6574
1431,7880
1432,6163
1433,4577
1434,5674
1435,5973
1436,7350
1437,5716
1438,6529
1439,6806
1440,6375
1441,6743
1442,5434
1443,5566
1444,6063
1445,4920
1446,6917
1447,4089
1448,5515
1449,6994
1450,7579
1451,4085
1452,5428
1453,5209
1454,5458
1455,6145
1456,5020
1457,4260
1458,6740
1459,2475
1460,5443
1461,5487
1462,3506
1463,5709
1464,6708
1465,6705
1466,6282
1467,3927
1468,5705
1469,5399
1470,4888
1471,5588
1472,7937
1473,4042
1474,6283
1475,3414
1476,6759
1477,4344
1478,8131
1479,3947
1480,8140
1481,3981
1482,6563
1483,6329
1484,6521
1485,8124
1486,4364
1487,7293
1488,4721
1489,5796
1490,4892
1491,4257
1492,7848
1493,7371
1494,4567
1495,4809
1496,7188
1497,4761
1498,3067
1499,4597
1500,8151
1501,6535
1502,5674
1503,7993
1504,6395
1505,5078
1506,7394
1507,5603
1508,7110
1509,6943
1510,4838
1511,6729
1512,8133
1513,5937
1514,6773
1515,6218
1516,6729
1517,5555
1518,6699
1519,7179
1520,6730
1521,4427
1522,7343
1523,5826
1524,8448
1525,4609
1526,7632
1527,7353
1528,6212
1529,7472
1530,4761
1531,6837
1532,6739
1533,6748
1534,6374
1535,6895
1536,6044
1537,3714
1538,7504
1539,5599
1540,6622
1541,5687
1542,5014
1543,7355
1544,7364
1545,6201
1546,4339
1547,5730
1548,6393
1549,5417
1550,6811
1551,5664
1552,5869
1553,6281
1554,4362
1555,5894
1556,6198
1557,8185
1558,6375
1559,8251
1560,7346
1561,6451
1562,7174
1563,5611
1564,4967
1565,7730
1566,3474
1567,5562
1568,6838
1569,5647
1570,5738
1571,5280
1572,7463
1573,6912
1574,5565
1575,3575
1576,7329
1577,7424
1578,7180
1579,6371
1580,5550
1581,7137
1582,5611
1583,7830
1584,7749
1585,6525
1586,4424
1587,5855
1588,7422
1589,6406
1590,6951
1591,6221
1592,6602
1593,3836
1594,7177
1595,7004
1596,6177
1597,7035
1598,2714
1599,5873
1600,4239
1601,3472
1602,8281
1603,7564
1604,7369
1605,5293
1606,6230
1607,6183
1608,6573
1609,6305
1610,4943
1611,5535
1612,4096
1613,5490
1614,6118
1615,6853
1616,8300
1617,6761
1618,6246
1619,6436
1620,4419
1621,7197
1622,3895
1623,5196
1624,6841
1625,8204
1626,7787
1627,4178
1628,7364
1629,6367
1630,6887
1631,7510
1632,6887
1633,6996
1634,6821
1635,7504
1636,5756
1637,6207
1638,5670
1639,5739
1640,6843
1641,6172
1642,7002
1643,4471
1644,4677
1645,5700
1646,6059
1647,4035
1648,6462
1649,7469
1650,7174
1651,6469
1652,3708
1653,5831
1654,8209
1655,6724
1656,6418
1657,6837
1658,6139
1659,8144
1660,5589
1661,7296
1662,5818
1663,6495
1664,6522
1665,7391
1666,5814
1667,6743
1668,8148
1669,3557
1670,7384
1671,7500
1672,6950
1673,5715
1674,5665
1675,7436
1676,3709
1677,8220
1678,7344
1679,6404
1680,6803
1681,5995
1682,6801
1683,4397
1684,5768
1685,7584
1686,6001
1687,7478
1688,5347
1689,5716
1690,5079
1691,7939
1692,8092
1693,4883
1694,8133
1695,7297
1696,5589
1697,3394
1698,7809
1699,6490
1700,4275
1701,7378
1702,6484
1703,5850
1704,2525
1705,5538
1706,5143
1707,6500
1708,6224
1709,7283
1710,5346
1711,6337
1712,7470
1713,7838
1714,3330
1715,7494
1716,5824
1717,7462
1718,7370
1719,5002
1720,6573
1721,8277
1722,5326
1723,5571
1724,7330
1725,3446
1726,6173
1727,7727
1728,6744
1729,6689
1730,5198
1731,6568
1732,7285
1733,3454
1734,4883
1735,6202
1736,4279
1737,4848
1738,6328
1739,4635
1740,5538
1741,3468
1742,5125
1743,6357
1744,5484
1745,7035
1746,4386
1747,4376
1748,4858
1749,7517
1750,6934
1751,6353
1752,6496
1753,4833
1754,8260
1755,5377
1756,6322
1757,7871
1758,6724
1759,3754
1760,7497
1761,7489
1762,5417
1763,7199
1764,6611
1765,4377
1766,6822
1767,6252
1768,5577
1769,6826
1770,6162
1771,7137
1772,6778
1773,4218
1774,6403
1775,4074
1776,7820
1777,7537
1778,6501
1779,7809
1780,6506
1781,4779
1782,5433
1783,5694
1784,6665
1785,3491
1786,5772
1787,6194
1788,5511
1789,8142
1790,6614
1791,4607
1792,6534
1793,8200
1794,7447
1795,7199
1796,4291
1797,5698
1798,6921
1799,5255
1800,5754
1801,4495
1802,5000
1803,4026
1804,7293
1805,4185
1806,4744
1807,7458
1808,5973
1809,4623
1810,4319
1811,7591
1812,7047
1813,5804
1814,5595
1815,7780
1816,7498
1817,7063
1818,4888
1819,4934
1820,7835
1821,8239
1822,6935
1823,7318
1824,4742
1825,6528
1826,4917
1827,7048
1828,6989
1829,5433
1830,8218
1831,6284
1832,6662
1833,4150
1834,7596
1835,8280
1836,6456
1837,5302
1838,4002
1839,4768
1840,6479
1841,6933
1842,4289
1843,4224
1844,7592
1845,6902
1846,6248
1847,6749
1848,4328
1849,6966
1850,5342
1851,6290
1852,7729
1853,6361
1854,7745
1855,6921
1856,5256
1857,7364
1858,8331
1859,3301
1860,6267
1861,3488
1862,8206
1863,5109
1864,5258
1865,6274
1866,7364
1867,7391
1868,2774
1869,5547
1870,6667
1871,6442
1872,6184
1873,7439
1874,6141
1875,6854
1876,6923
1877,5247
1878,8282
1879,4736
1880,7481
1881,4912
1882,5271
1883,5987
1884,6386
1885,5897
1886,7105
1887,7383
1888,3811
1889,5621
1890,5475
1891,5287
1892,4133
1893,6264
1894,8003
1895,6980
1896,7652
1897,5025
1898,6505
1899,7094
1900,6369
1901,6743
1902,7337
1903,4123
1904,6233
1905,5492
1906,5555
1907,7288
1908,4764
1909,5212
1910,6398
1911,6487
1912,7990
1913,4930
1914,6217
1915,5601
1916,6232
1917,7261
1918,5548
1919,5197
1920,5692
1921,7499
1922,5839
1923,6756
1924,7341
1925,7453
1926,6425
1927,7422
1928,7392
1929,5818
1930,3991
1931,6541
1932,7408
1933,5528
1934,6231
1935,5465
1936,7075
1937,6802
1938,5295
1939,6381
1940,5303
1941,5571
1942,5713
1943,5491
1944,5555
1945,5455
1946,7266
1947,7049
1948,6622
1949,6763
1950,6354
1951,5325
1952,6440
1953,6356
1954,7271
1955,5928
1956,5603
1957,7451
1958,7010
1959,7522
1960,6735
1961,4291
1962,5624
1963,4317
1964,5490
1965,3689
1966,4282
1967,7339
1968,4157
1969,6583
1970,7479
1971,4329
1972,6105
1973,7350
1974,6266
1975,5583
1976,7305
1977,6779
1978,7358
1979,5742
1980,5065
1981,3874
1982,2857
1983,6805
1984,5559
1985,8251
1986,4247
1987,6182
1988,7507
1989,4614
1990,6359
1991,4192
1992,6046
1993,5986
1994,4337
1995,6231
1996,6344
1997,3920
1998,5355
1999,5564
2000,4003
2001,6808
2002,6454
2003,4111
2004,2504
2005,4849
2006,3290
2007,7944
2008,4853
2009,4221
2010,7146
2011,3519
2012,7366
2013,5466
2014,6476
2015,5763
2016,6193
2017,6410
2018,6799
2019,5902
2020,4773
2021,5360
2022,4609
2023,4364
2024,4098
2025,6975
2026,5665
2027,4795
2028,4841
2029,5545
2030,5049
2031,5805
2032,4106
2033,7358
2034,3823
2035,5527
2036,3684
2037,5955
2038,7811
2039,5244
2040,8258
2041,6017
2042,4175
2043,7458
2044,6202
2045,4221
2046,7581
2047,3700
2048,8132
2049,7257
2050,2480
2051,8106
2052,6357
2053,5663
2054,7565
2055,6405
2056,4994
2057,7342
2058,7132
2059,7151
2060,7719
2061,7451
2062,4277
2063,4335
2064,5626
2065,4737
2066,6576
2067,3407
2068,7440
2069,6210
2070,5624
2071,7351
2072,7016
2073,6867
2074,5277
2075,5654
2076,4818
2077,4633
2078,4291
2079,6327
2080,6547
2081,4133
2082,7085
2083,6719
2084,5568
2085,8141
2086,8192
2087,5549
2088,5386
2089,5700
2090,4879
2091,6206
2092,6833
2093,4968
2094,6736
2095,8238
2096,5510
2097,7066
2098,6703
2099,7645
2100,5008
2101,6828
2102,5516
2103,6616
2104,5797
2105,6741
2106,3311
2107,6373
2108,6420
2109,5408
2110,7592
2111,6442
2112,3638
2113,6193
2114,7490
2115,7323
2116,7459
2117,5094
2118,6609
2119,5732
2120,6848
2121,6145
2122,5940
2123,7303
2124,5085
2125,5555
2126,8182
2127,2592
2128,4835
2129,3101
2130,7315
2131,6513
2132,8243
2133,5763
2134,7471
2135,4783
2136,4942
2137,5127
2138,7340
2139,6240
2140,6865
2141,7526
2142,5473
2143,6705
2144,7640
2145,6583
2146,3771
2147,3779
2148,5357
2149,6713
2150,5701
2151,7395
2152,7264
2153,6108
2154,6507
2155,6441
2156,7020
2157,5343
2158,4637
2159,5582
2160,4872
2161,7367
2162,4673
2163,4358
2164,7854
2165,7365
2166,6293
2167,5174
2168,6352
2169,5400
2170,5598
2171,4536
2172,7531
2173,6286
2174,6410
2175,6210
2176,6231
2177,6267
2178,7481
2179,5102
2180,7468
2181,5556
2182,8140
2183,7393
2184,5854
2185,7777
2186,3558
2187,6992
2188,7916
2189,6179
2190,6715
2191,5355
2192,6814
2193,2912
2194,5865
2195,5619
2196,6399
2197,4473
2198,4991
2199,6024
2200,6497
2201,2712
2202,6390
2203,6773
2204,8127
2205,5024
2206,4578
2207,5547
2208,4395
2209,7356
2210,6988
2211,5752
2212,6601
2213,8416
2214,5884
2215,4128
2216,7425
2217,5598
2218,8179
2219,4584
2220,7003
2221,5409
2222,6519
2223,8114
2224,4923
2225,4918
2226,8257
2227,5540
2228,4314
2229,7274
2230,8230
2231,6528
2232,5385
2233,8277
2234,7552
2235,4701
2236,5554
2237,5646
2238,6553
2239,5429
2240,5674
2241,4771
2242,7830
2243,7028
2244,6964
2245,6615
2246,5403
2247,5260
2248,7545
2249,5565
2250,6323
2251,7910
2252,2531
2253,5569
2254,6823
2255,4338
2256,6786
2257,7643
2258,4641
2259,3235
2260,3882
2261,5763
2262,7700
2263,5617
2264,4239
2265,5753
2266,6531
2267,6207
2268,4330
2269,4008
2270,6360
2271,7347
2272,7710
2273,2583
2274,4351
2275,3746
2276,6411
2277,8204
2278,5515
2279,6255
2280,6797
2281,7794
2282,4439
2283,8108
2284,6207
2285,5857
2286,5372
2287,4663
2288,4718
2289,5727
2290,6524
2291,4253
2292,7485
2293,6777
2294,5587
2295,7094
2296,5491
2297,3722
2298,3964
2299,5577
2300,5493
2301,7011
2302,5325
2303,3317
2304,7650
2305,5560
2306,4323
2307,7118
2308,6429
2309,7043
2310,6426
2311,6386
2312,6198
2313,4270
2314,7059
2315,5606
2316,3569
2317,7465
2318,5521
2319,6169
2320,6939
2321,5688
2322,6392
2323,8217
2324,5504
2325,3967
2326,5888
2327,6815
2328,7275
2329,3667
2330,7040
2331,3072
2332,7736
2333,6597
2334,2931
2335,7290
2336,6233
2337,7313
2338,7763
2339,5457
2340,6160
2341,7004
2342,5118
2343,7757
2344,6309
2345,5524
2346,7376
2347,6356
2348,6459
2349,7727
2350,5451
2351,4278
2352,6769
2353,7155
2354,8062
2355,6717
2356,4652
2357,6557
2358,7553
2359,8244
2360,5406
2361,5645
2362,4162
2363,6392
2364,7773
2365,5777
2366,5318
2367,5604
2368,5679
2369,6131
2370,5884
2371,5425
2372,7004
2373,4136
2374,6431
2375,5578
2376,7428
2377,7557
2378,4000
2379,6999
2380,6988
2381,5598
2382,4609
2383,6521
2384,5436
2385,5154
2386,3102
2387,7024
2388,2989
2389,7178
2390,6499
2391,6452
2392,5091
2393,5525
2394,6626
2395,6469
2396,7829
2397,7298
2398,2721
2399,6768
2400,5878
2401,6388
2402,4811
2403,7467
2404,7377
2405,7740
2406,6788
2407,5062
2408,5295
2409,5581
2410,6402
2411,7109
2412,7765
2413,7451
2414,4585
2415,3573
2416,4788
2417,6652
2418,5710
2419,3636
2420,5149
2421,5669
2422,6817
2423,7322
2424,6882
2425,6479
2426,6972
2427,5559
2428,4659
2429,4283
2430,5645
2431,7602
2432,6253
2433,8218
2434,6029
2435,7690
2436,7127
2437,4326
2438,5382
2439,7321
2440,6818
2441,4343
2442,5667
2443,7304
2444,3740
2445,6346
2446,7111
2447,5415
2448,7403
2449,3970
2450,6390
2451,6438
2452,5683
2453,5551
2454,7191
2455,4314
2456,7357
2457,3825
2458,7029
2459,5616
2460,5622
2461,6961
2462,5167
2463,7532
2464,5076
2465,8201
2466,2559
2467,6738
2468,5760
2469,4833
2470,6602
2471,8043
2472,6284
2473,6181
2474,6586
2475,4967
2476,8429
2477,5744
2478,5417
2479,7146
2480,6440
2481,5602
2482,7415
2483,8009
2484,7832
2485,4319
2486,5009
2487,6454
2488,7097
2489,7173
2490,8216
2491,3855
2492,5920
2493,7035
2494,6385
2495,6391
2496,7212
2497,7113
2498,5504
2499,7599
2500,3495
2501,6493
2502,5599
2503,4786
2504,6567
2505,2569
2506,7787
2507,6408
2508,6964
2509,5783
2510,5491
2511,5407
2512,5255
2513,7368
2514,4315
2515,6730
2516,5946
2517,4738
2518,6006
2519,5092
2520,4853
2521,6816
2522,4106
2523,7783
2524,5770
2525,7443
2526,5652
2527,6514
2528,5285
2529,5589
2530,6260
2531,6523
2532,6568
2533,7353
2534,6895
2535,6762
2536,7377
2537,7744
2538,5805
2539,6536
2540,5631
2541,8288
2542,5263
2543,7044
2544,7391
2545,8374
2546,6405
2547,6398
2548,7350
2549,4367
2550,3881
2551,7002
2552,5538
2553,4579
2554,7462
2555,6948
2556,7673
2557,7363
2558,6697
2559,4577
2560,5835
2561,8234
2562,5817
2563,6414
2564,5540
2565,6488
2566,6432
2567,6243
2568,6801
2569,4591
2570,6934
2571,7676
2572,5574
2573,4187
2574,7413
2575,6392
2576,5356
2577,7565
2578,4252
2579,6796
2580,6385
2581,7476
2582,6910
2583,4356
2584,8200
2585,6383
2586,6162
2587,4255
2588,4772
2589,6874
2590,3825
2591,6761
2592,5730
2593,5265
2594,5310
2595,6648
2596,4724
2597,7440
2598,5899
2599,6217
2600,7974
2601,7696
2602,5555
2603,5049
2604,5227
2605,7760
2606,7382
2607,8196
2608,5686
2609,8142
2610,7499
2611,4178
2612,5930
2613,7848
2614,6792
2615,4874
2616,6445
2617,4912
2618,7362
2619,8118
2620,7473
2621,6660
2622,6178
2623,4620
2624,3476
2625,7552
2626,7157
2627,7331
2628,5365
2629,5548
2630,3379
2631,8041
2632,4379
2633,5883
2634,8169
2635,4220
2636,5527
2637,3992
2638,7459
2639,4321
2640,4949
2641,4791
2642,6863
2643,5342
2644,4279
2645,3783
2646,6188
2647,6311
2648,5608
2649,6816
2650,4434
2651,7512
2652,3873
2653,3908
2654,8243
2655,3762
2656,8249
2657,6927
2658,4808
2659,6446
2660,4338
2661,6624
2662,5040
2663,3682
2664,8260
2665,5528
2666,5997
2667,5643
2668,6735
2669,5881
2670,3304
2671,8269
2672,7365
2673,5663
2674,6288
2675,8179
2676,7264
2677,6918
2678,7345
2679,3421
2680,6842
2681,3544
2682,5808
2683,6436
2684,5116
2685,5937
2686,4876
2687,7225
2688,6632
2689,4350
2690,7790
2691,3376
2692,5292
2693,4301
2694,5578
2695,6430
2696,7516
2697,6486
2698,5773
2699,5633
2700,7487
2701,6172
2702,4714
2703,5569
2704,7320
2705,6983
2706,4653
2707,7309
2708,4340
2709,7553
2710,7335
2711,5706
2712,5652
2713,5395
2714,6848
2715,4611
2716,7355
2717,7394
2718,7038
2719,6774
2720,7585
2721,6117
2722,6195
2723,2537
2724,6205
2725,6211
2726,5526
2727,5584
2728,4622
2729,7966
2730,6159
2731,5683
2732,5598
2733,6399
2734,4187
2735,7213
2736,6585
2737,4761
2738,6264
2739,7879
2740,4109
2741,6189
2742,4268
2743,5072
2744,6441
2745,7051
2746,7284
2747,6415
2748,7548
2749,4613
2750,8030
2751,5502
2752,6495
2753,6240
2754,3568
2755,6371
2756,6957
2757,4660
2758,6606
2759,7307
2760,4609
2761,6019
2762,4628
2763,5483
2764,6378
2765,6229
2766,5053
2767,6825
2768,5506
2769,5899
2770,5571
2771,6183
2772,7270
2773,5354
2774,5473
2775,7498
2776,5775
2777,4880
2778,5402
2779,6745
2780,8092
2781,2589
2782,6531
2783,6979
2784,3911
2785,4727
2786,7789
2787,4702
2788,3870
2789,5325
2790,6917
2791,4818
2792,6785
2793,4898
2794,4195
2795,8082
2796,5271
2797,5052
2798,6901
2799,3472
2800,8252
2801,6994
2802,7315
2803,5002
2804,6001
2805,7719
2806,6970
2807,5505
2808,4149
2809,4930
2810,6522
2811,5617
2812,6432
2813,5371
2814,8101
2815,7819
2816,7482
2817,6950
2818,4398
2819,7933
2820,4200
2821,6547
2822,8197
2823,6767
2824,6235
2825,6754
2826,6393
2827,7475
2828,5731
2829,6348
2830,7204
2831,6498
2832,6446
2833,6515
2834,6217
2835,6387
2836,4389
2837,7521
2838,5579
2839,5527
2840,8198
2841,6275
2842,7388
2843,4021
2844,3510
2845,4603
2846,8198
2847,4162
2848,7337
2849,4597
2850,5443
2851,5651
2852,6529
2853,4959
2854,6407
2855,4662
2856,6129
2857,3458
2858,5673
2859,5900
2860,4954
2861,7314
2862,5706
2863,3898
2864,4787
2865,8117
2866,4868
2867,5639
2868,5601
2869,6771
2870,4141
2871,5436
2872,6493
2873,3961
2874,2727
2875,5890
2876,7856
2877,5045
2878,4902
2879,6778
2880,6794
2881,7816
2882,5998
2883,5602
2884,6343
2885,6051
2886,5753
2887,6543
2888,4744
2889,8138
2890,2567
2891,7355
2892,4343
2893,6969
2894,3996
2895,6601
2896,3562
2897,5601
2898,4911
2899,4381
2900,7467
2901,4023
2902,7544
2903,5703
2904,3839
2905,7485
2906,6044
2907,5435
2908,3926
2909,5554
2910,7228
2911,6454
2912,6483
2913,6882
2914,3354
2915,5837
2916,4945
2917,6362
2918,7462
2919,6244
2920,7386
2921,5651
2922,3510
2923,5143
2924,5957
2925,7274
2926,5598
2927,7488
2928,7496
2929,6969
2930,5469
2931,5945
2932,4265
2933,5360
2934,3488
2935,5635
2936,5589
2937,6605
2938,4389
2939,4671
2940,4072
2941,7019
2942,7339
2943,4244
2944,6783
2945,3969
2946,6714
2947,6374
2948,7645
2949,8324
2950,3570
2951,5352
2952,7305
2953,6183
2954,4175
2955,6441
2956,4849
2957,4411
2958,4050
2959,8265
2960,6836
2961,4528
2962,6347
2963,6919
2964,4329
2965,7345
2966,5587
2967,5631
2968,3399
2969,6294
2970,6993
2971,8424
2972,5578
2973,5890
2974,4758
2975,5952
2976,4789
2977,6468
2978,6440
2979,6171
2980,5573
2981,5254
2982,5741
2983,7355
2984,5038
2985,3785
2986,3753
2987,6377
2988,3582
2989,4323
2990,4514
2991,6447
2992,7349
2993,6839
2994,6485
2995,5698
2996,6184
2997,6011
2998,7437
2999,5610
3000,5886
3001,5033
3002,6611
3003,5522
3004,5537
3005,7034
3006,7549
3007,4274
3008,8083
3009,6120
3010,8268
3011,5607
3012,7344
3013,5696
3014,6534
3015,7327
3016,6028
3017,6519
3018,7209
3019,7009
3020,5994
3021,5066
3022,6607
3023,4629
3024,5580
3025,7661
3026,3491
3027,5898
3028,7871
3029,6306
3030,6472
3031,5566
3032,6538
3033,5546
3034,4300
3035,6788
3036,6822
3037,6375
3038,4796
3039,6779
3040,4286
3041,5581
3042,6110
3043,7407
3044,8253
3045,5697
3046,7377
3047,7562
3048,4378
3049,7311
3050,7047
3051,5297
3052,5027
3053,5344
3054,4704
3055,7663
3056,7242
3057,5587
3058,5685
3059,5521
3060,7343
3061,5557
3062,5945
3063,6394
3064,7338
3065,7204
3066,4467
3067,3675
3068,6631
3069,5035
3070,6954
3071,4140
3072,8159
3073,8150
3074,6535
3075,6166
3076,3744
3077,8231
3078,5450
3079,4607
3080,7454
3081,5567
3082,2806
3083,6260
3084,6364
3085,6255
3086,7563
3087,5928
3088,5736
3089,5522
3090,4359
3091,7422
3092,5715
3093,6394
3094,6402
3095,7396
3096,5958
3097,6446
3098,3859
3099,6777
3100,6205
3101,6018
3102,7264
3103,6454
3104,8143
3105,6933
3106,7272
3107,5461
3108,4784
3109,7425
3110,6397
3111,6514
3112,5676
3113,5544
3114,4226
3115,5335
3116,8285
3117,4071
3118,4296
3119,4641
3120,6423
3121,3536
3122,6366
3123,6511
3124,7324
3125,6392
3126,5350
3127,5578
3128,5545
3129,7485
3130,6712
3131,6514
3132,5652
3133,5576
3134,8199
3135,6446
3136,5527
3137,5621
3138,4801
3139,7085
3140,3801
3141,6851
3142,6830
3143,5683
3144,4748
3145,6293
3146,5468
3147,4569
3148,6019
3149,6363
3150,6981
3151,6600
3152,4485
3153,4624
3154,5534
3155,6754
3156,3446
3157,5035
3158,4674
3159,7524
3160,6927
3161,7284
3162,6224
3163,7326
3164,7682
3165,7329
3166,7265
3167,6249
3168,4158
3169,7797
3170,5609
3171,6393
3172,6579
3173,7124
3174,3230
3175,3784
3176,4718
3177,6508
3178,2722
3179,5793
3180,6142
3181,8310
3182,7481
3183,8258
3184,6378
3185,5492
3186,5563
3187,4057
3188,7411
3189,3271
3190,7197
3191,5961
3192,5518
3193,4385
3194,5917
3195,4415
3196,6606
3197,6828
3198,7051
3199,7432
3200,6294
3201,6957
3202,6044
3203,7852
3204,7537
3205,6791
3206,6622
3207,4774
3208,6524
3209,7465
3210,7493
3211,6927
3212,5498
3213,5294
3214,5878
3215,5436
3216,8323
3217,4979
3218,5339
3219,2555
3220,7260
3221,5567
3222,7122
3223,6220
3224,5074
3225,5736
3226,6820
3227,7780
3228,4214
3229,5594
3230,7496
3231,3980
3232,2560
3233,6690
3234,4206
3235,7531
3236,5685
3237,6476
3238,6550
3239,6721
3240,3520
3241,5061
3242,7190
3243,4599
3244,5814
3245,7394
3246,2571
3247,5212
3248,4228
3249,6933
3250,5694
3251,6788
3252,6854
3253,5258
3254,7163
3255,6280
3256,7148
3257,5231
3258,7465
3259,7432
3260,5616
3261,4248
3262,5761
3263,4263
3264,7399
3265,5560
3266,6240
3267,7011
3268,7632
3269,7229
3270,7980
3271,7381
3272,6379
3273,5733
3274,5156
3275,5731
3276,3932
3277,4775
3278,3871
3279,6779
3280,7866
3281,4000
3282,4638
3283,7546
3284,6766
3285,3975
3286,7378
3287,6935
3288,5509
3289,6390
3290,4520
3291,4791
3292,4639
3293,7430
3294,5893
3295,5663
3296,5315
3297,6853
3298,4817
3299,7737
3300,3226
3301,3514
3302,5049
3303,7719
3304,4363
3305,7386
3306,5495
3307,3989
3308,8333
3309,3106
3310,5282
3311,4760
3312,7516
3313,7840
3314,6742
3315,6423
3316,7156
3317,5567
3318,6545
3319,6789
3320,5850
3321,3391
3322,7298
3323,5602
3324,7343
3325,8287
3326,4641
3327,2486
3328,6466
3329,6624
3330,7329
3331,6200
3332,5604
3333,6728
3334,6660
3335,5780
3336,3688
3337,5080
3338,5609
3339,8157
3340,5593
3341,4049
3342,4771
3343,6589
3344,6397
3345,5615
3346,6575
3347,8203
3348,5647
3349,6290
3350,6737
3351,4171
3352,2948
3353,7452
3354,4967
3355,4499
3356,6455
3357,6971
3358,6197
3359,8011
3360,8145
3361,7756
3362,4635
3363,5467
3364,5095
3365,5588
3366,5673
3367,4266
3368,3349
3369,4008
3370,3851
3371,6963
3372,6782
3373,6151
3374,5306
3375,7105
3376,3872
3377,4853
3378,6231
3379,6221
3380,6377
3381,6933
3382,6764
3383,5384
3384,5574
3385,4088
3386,5803
3387,6137
3388,5396
3389,6849
3390,6827
3391,7471
3392,7747
3393,4836
3394,7465
3395,6277
3396,3728
3397,6735
3398,8126
3399,7472
3400,5781
3401,5582
3402,7971
3403,4091
3404,7457
3405,6547
3406,6570
3407,6486
3408,7035
3409,7426
3410,7170
3411,8259
3412,6802
3413,6046
3414,8239
3415,6448
3416,4388
3417,3734
3418,4326
3419,5665
3420,8126
3421,7779
3422,7280
3423,7381
3424,7405
3425,5972
3426,4274
3427,8252
3428,4845
3429,8092
3430,6464
3431,5079
3432,5276
3433,5788
3434,8149
3435,6264
3436,6654
3437,5484
3438,6403
3439,7530
3440,3943
3441,6151
3442,2494
3443,4329
3444,3569
3445,6745
3446,3642
3447,7774
3448,4413
3449,5483
3450,4218
3451,4387
3452,5545
3453,3892
3454,4577
3455,5512
3456,4335
3457,8205
3458,4558
3459,6397
3460,2698
3461,7458
3462,5783
3463,6780
3464,4709
3465,5798
3466,5746
3467,7716
3468,7300
3469,4392
3470,6253
3471,5747
3472,5964
3473,6813
3474,4726
3475,5608
3476,5799
3477,4019
3478,7370
3479,7365
3480,7450
3481,5803
3482,5296
3483,5512
3484,7661
3485,7322
3486,6945
3487,6583
3488,5575
3489,5563
3490,5804
3491,5079
3492,5772
3493,7700
3494,3427
3495,3875
3496,7266
3497,3480
3498,7281
3499,4616
3500,7452
3501,7989
3502,6461
3503,4268
3504,5129
3505,4841
3506,7382
3507,4331
3508,7278
3509,8287
3510,3868
3511,6533
3512,6217
3513,8264
3514,4855
3515,7365
3516,6732
3517,6174
3518,5356
3519,7652
3520,4063
3521,6573
3522,4284
3523,6116
3524,6514
3525,4430
3526,3675
3527,6427
3528,7286
3529,8212
3530,5532
3531,6800
3532,6178
3533,4351
3534,6372
3535,5829
3536,5359
3537,4293
3538,8169
3539,7240
3540,4034
3541,6444
3542,5159
3543,5432
3544,4350
3545,4317
3546,6219
3547,5555
3548,6269
3549,6786
3550,8190
3551,5543
3552,7536
3553,5983
3554,4542
3555,4174
3556,7523
3557,7248
3558,5551
3559,6547
3560,6996
3561,7033
3562,3125
3563,6248
3564,5356
3565,5840
3566,7349
3567,4592
3568,5679
3569,6032
3570,7411
3571,6209
3572,4661
3573,8140
3574,7328
3575,8217
3576,5500
3577,4396
3578,3484
3579,5848
3580,8147
3581,4581
3582,7352
3583,5901
3584,7939
3585,7734
3586,5355
3587,4282
3588,8147
3589,5588
3590,7226
3591,6992
3592,7833
3593,7355
3594,7265
3595,6771
3596,4352
3597,7483
3598,6400
3599,3308
3600,7389
3601,6800
3602,7332
3603,6572
3604,5578
3605,5968
3606,6754
3607,5581
3608,4078
3609,5709
3610,4151
3611,3435
3612,7044
3613,7487
3614,6871
3615,6185
3616,5761
3617,8119
3618,6477
3619,6491
3620,6127
3621,7480
3622,5989
3623,6611
3624,5924
3625,6876
3626,6519
3627,6321
3628,5546
3629,3699
3630,5608
3631,6671
3632,7198
3633,7475
3634,7173
3635,5795
3636,6385
3637,5713
3638,6455
3639,4340
3640,6209
3641,5115
3642,6937
3643,3465
3644,4739
3645,7755
3646,4944
3647,4113
3648,6232
3649,7381
3650,4304
3651,7380
3652,7501
3653,5895
3654,7336
3655,5324
3656,7312
3657,5272
3658,7418
3659,8299
3660,5551
3661,4622
3662,5899
3663,5846
3664,6951
3665,5479
3666,5727
3667,8116
3668,7219
3669,7329
3670,5600
3671,6654
3672,7479
3673,7564
3674,5991
3675,6215
3676,5562
3677,2505
3678,7212
3679,7478
3680,3788
3681,5999
3682,4637
3683,5187
3684,7462
3685,7185
3686,3402
3687,6998
3688,6555
3689,3691
3690,6962
3691,7367
3692,3321
3693,6166
3694,3333
3695,7048
3696,6570
3697,5699
3698,5782
3699,4371
3700,6400
3701,4631
3702,6415
3703,6746
3704,3852
3705,4181
3706,5248
3707,6366
3708,4607
3709,3793
3710,3854
3711,6354
3712,8166
3713,6768
3714,6269
3715,7879
3716,6287
3717,6205
3718,6944
3719,6173
3720,6760
3721,4399
3722,5295
3723,5049
3724,8265
3725,4661
3726,7274
3727,6826
3728,4730
3729,6403
3730,6504
3731,3103
3732,6596
3733,7039
3734,7435
3735,6755
3736,8159
3737,4741
3738,7295
3739,7488
3740,5728
3741,7330
3742,4038
3743,7241
3744,6194
3745,5706
3746,3723
3747,7928
3748,3659
3749,6744
3750,4276
3751,6178
3752,5633
3753,6964
3754,3496
3755,6712
3756,7054
3757,5394
3758,6562
3759,7477
3760,6136
3761,6075
3762,6315
3763,5232
3764,4282
3765,7050
3766,4417
3767,7102
3768,6444
3769,3901
3770,3512
3771,3382
3772,6480
3773,3093
3774,8195
3775,6376
3776,5799
3777,6636
3778,4312
3779,3580
3780,4754
3781,4720
3782,7384
3783,5676
3784,5300
3785,5715
3786,8249
3787,7275
3788,7177
3789,6098
3790,5643
3791,6601
3792,6620
3793,6778
3794,8455
3795,4397
3796,5763
3797,6961
3798,6295
3799,7728
3800,4123
3801,6990
3802,6988
3803,5578
3804,3402
3805,4759
3806,5587
3807,7419
3808,7353
3809,7724
3810,5198
3811,5591
3812,4094
3813,6672
3814,5360
3815,6196
3816,4124
3817,5830
3818,7390
3819,5526
3820,5643
3821,6399
3822,6501
3823,6586
3824,6329
3825,5042
3826,4689
3827,6800
3828,7356
3829,6081
3830,6322
3831,5875
3832,6946
3833,6967
3834,5965
3835,6175
3836,5504
3837,8161
3838,4397
3839,6421
3840,6766
3841,6554
3842,6649
3843,5516
3844,4116
3845,7406
3846,7697
3847,5439
3848,6737
3849,3744
3850,6175
3851,6240
3852,7490
3853,4592
3854,6525
3855,7254
3856,4380
3857,4364
3858,7917
3859,6169
3860,2775
3861,5019
3862,5557
3863,6480
3864,6006
3865,5917
3866,6775
3867,6764
3868,8293
3869,7833
3870,6780
3871,3722
3872,3888
3873,6235
3874,4809
3875,6523
3876,5511
3877,4572
3878,3424
3879,5558
3880,3377
3881,7513
3882,6649
3883,7289
3884,7322
3885,4216
3886,6919
3887,4182
3888,5776
3889,7931
3890,7416
3891,5957
3892,8364
3893,5604
3894,7582
3895,4139
3896,6185
3897,5786
3898,5908
3899,4917
3900,7603
3901,7535
3902,6942
3903,5604
3904,6797
3905,4604
3906,4357
3907,5019
3908,7427
3909,7069
3910,6182
3911,4739
3912,3392
3913,6978
3914,8167
3915,4348
3916,3451
3917,6257
3918,3719
3919,6820
3920,8140
3921,5468
3922,4755
3923,8265
3924,7416
3925,7015
3926,5675
3927,6471
3928,4711
3929,3221
3930,6218
3931,5365
3932,4638
3933,6774
3934,7721
3935,5570
3936,6254
3937,3917
3938,6207
3939,5013
3940,4593
3941,6205
3942,6636
3943,6747
3944,6284
3945,5570
3946,5357
3947,5529
3948,3885
3949,4012
3950,4748
3951,7344
3952,6498
3953,6374
3954,5210
3955,5622
3956,5343
3957,6169
3958,5540
3959,6836
3960,6357
3961,6200
3962,6506
3963,3971
3964,7432
3965,5428
3966,7354
3967,5260
3968,6268
3969,5531
3970,7447
3971,4854
3972,5488
3973,6210
3974,6090
3975,7385
3976,4650
3977,4304
3978,6399
3979,6584
3980,6355
3981,5315
3982,7078
3983,7027
3984,5802
3985,7799
3986,4734
3987,4267
3988,5381
3989,5606
3990,5899
3991,5926
3992,5596
3993,4744
3994,7816
3995,7591
3996,7257
3997,6986
3998,5388
3999,4255
4000,7016
4001,7505
4002,4772
4003,4627
4004,4606
4005,6215
4006,3336
4007,7431
4008,4022
4009,4279
4010,4655
4011,7916
4012,7335
4013,7348
4014,4321
4015,7329
4016,3595
4017,7365
4018,6018
4019,6511
4020,3987
4021,6384
4022,6182
4023,3786
4024,6054
4025,6710
4026,4047
4027,7491
4028,4173
4029,5629
4030,5966
4031,6220
4032,6647
4033,6475
4034,7463
4035,6491
4036,5263
4037,7590
4038,5491
4039,5556
4040,5159
4041,6426
4042,8284
4043,3388
4044,6490
4045,5826
4046,6568
4047,5587
4048,4391
4049,4294
4050,7084
4051,6989
4052,6493
4053,5903
4054,6798
4055,5583
4056,4371
4057,6397
4058,6287
4059,6929
4060,5415
4061,6277
4062,6412
4063,6175
4064,5540
4065,5563
4066,7057
4067,5591
4068,6364
4069,4684
4070,7267
4071,5892
4072,4328
4073,4971
4074,7342
4075,6826
4076,7507
4077,4626
4078,6733
4079,5869
4080,7596
4081,3791
4082,3710
4083,7047
4084,4517
4085,7254
4086,7588
4087,5995
4088,6543
4089,4965
4090,6956
4091,4733
4092,3693
4093,5591
4094,6193
4095,8206
4096,6807
4097,6973
4098,7508
4099,6714
4100,5003
4101,5599
4102,7587
4103,4238
4104,4732
4105,8138
4106,5768
4107,5744
4108,5736
4109,3871
4110,7018
4111,6959
4112,6196
4113,7279
4114,4936
4115,7509
4116,5600
4117,5570
4118,5560
4119,6357
4120,6860
4121,4095
4122,4366
4123,3847
4124,4159
4125,4728
4126,6460
4127,5560
4128,7828
4129,8156
4130,7243
4131,6348
4132,5877
4133,5914
4134,7300
4135,6262
4136,4005
4137,5532
4138,6478
4139,5753
4140,4677
4141,6487
4142,7336
4143,3292
4144,5678
4145,4355
4146,7500
4147,4644
4148,5098
4149,7245
4150,5580
4151,6423
4152,6202
4153,7925
4154,6826
4155,4788
4156,7447
4157,7360
4158,6204
4159,6791
4160,3308
4161,7416
4162,6233
4163,5526
4164,3241
4165,6985
4166,4924
4167,5736
4168,6121
4169,7386
4170,5766
4171,7744
4172,3513
4173,4645
4174,7075
4175,6550
4176,6297
4177,4786
4178,5586
4179,4311
4180,5840
4181,7586
4182,3741
4183,8206
4184,7772
4185,5495
4186,7476
4187,4188
4188,5568
4189,6166
4190,4883
4191,4303
4192,6800
4193,6747
4194,7397
4195,5807
4196,6775
4197,4112
4198,4226
4199,5674
4200,7345
4201,5673
4202,5413
4203,7322
4204,7332
4205,4378
4206,5593
4207,6798
4208,5999
4209,7157
4210,6426
4211,3873
4212,5448
4213,7489
4214,3634
4215,7797
4216,4105
4217,5665
4218,4628
4219,7503
4220,2736
4221,7376
4222,8022
4223,5523
4224,5815
4225,6091
4226,4292
4227,3017
4228,4333
4229,7450
4230,7982
4231,6555
4232,6404
4233,6582
4234,5579
4235,6222
4236,8177
4237,5709
4238,6502
4239,6957
4240,7901
4241,6624
4242,7205
4243,5556
4244,6489
4245,5531
4246,5752
4247,5304
4248,5221
4249,6512
4250,5618
4251,5901
4252,7014
4253,5246
4254,6203
4255,7243
4256,7405
4257,3968
4258,6456
4259,7327
4260,4360
4261,6233
4262,6949
4263,7412
4264,6212
4265,7417
4266,5995
4267,6125
4268,4238
4269,3504
4270,3873
4271,4749
4272,5572
4273,7703
4274,7166
4275,7727
4276,5620
4277,4771
4278,8175
4279,6445
4280,6467
4281,4365
4282,6503
4283,5879
4284,6792
4285,7009
4286,5562
4287,7570
4288,4753
4289,2779
4290,4307
4291,6507
4292,5584
4293,3957
4294,7266
4295,5920
4296,7383
4297,6965
4298,5190
4299,5554
4300,6507
4301,4243
4302,7293
4303,4929
4304,8219
4305,6055
4306,7970
4307,7298
4308,3346
4309,6517
4310,6369
4311,7514
4312,7579
4313,2553
4314,7581
4315,4109
4316,5595
4317,5374
4318,7262
4319,6370
4320,6916
4321,8224
4322,8298
4323,4814
4324,7058
4325,5269
4326,7485
4327,4043
4328,2880
4329,5507
4330,6465
4331,3756
4332,5929
4333,7376
4334,6227
4335,3971
4336,7320
4337,5123
4338,5518
4339,8174
4340,7438
4341,4695
4342,4396
4343,7513
4344,3317
4345,5376
4346,7053
4347,7352
4348,5350
4349,7107
4350,6149
4351,6574
4352,6217
4353,4274
4354,5406
4355,5714
4356,4358
4357,8119
4358,6354
4359,5987
4360,3462
4361,5454
4362,7255
4363,6372
4364,8174
4365,5808
4366,6479
4367,3949
4368,4339
4369,2398
4370,5021
4371,8063
4372,5375
4373,4981
4374,4870
4375,4415
4376,6522
4377,4157
4378,7754
4379,6934
4380,6249
4381,5513
4382,5774
4383,6147
4384,5882
4385,7515
4386,5305
4387,5654
4388,5766
4389,5575
4390,6249
4391,3733
4392,3783
4393,6443
4394,6590
4395,6637
4396,6417
4397,6166
4398,5300
4399,5585
4400,8268
4401,4592
4402,5307
4403,4373
4404,6228
4405,7036
4406,6416
4407,7496
4408,5908
4409,7280
4410,8240
4411,4430
4412,3943
4413,6379
4414,7615
4415,4255
4416,4877
4417,5543
4418,5807
4419,4147
4420,5587
4421,4133
4422,5819
4423,6376
4424,4622
4425,7303
4426,6462
4427,6198
4428,5938
4429,6392
4430,3331
4431,6367
4432,6275
4433,6350
4434,5731
4435,5549
4436,7436
4437,6939
4438,7452
4439,6736
4440,8391
4441,4248
4442,5765
4443,5604
4444,7037
4445,5585
4446,3326
4447,5701
4448,6190
4449,6461
4450,7483
4451,5614
4452,7933
4453,4596
4454,7526
4455,7362
4456,7832
4457,6508
4458,5609
4459,8261
4460,5694
4461,5387
4462,7888
4463,4015
4464,7742
4465,4731
4466,7477
4467,7734
4468,7277
4469,5828
4470,5905
4471,7240
4472,5561
4473,7127
4474,5173
4475,7431
4476,7529
4477,5830
4478,6845
4479,5524
4480,6837
4481,5671
4482,5721
4483,7072
4484,5863
4485,3239
4486,7592
4487,6378
4488,6835
4489,6492
4490,4999
4491,4684
4492,6463
4493,4157
4494,4887
4495,3303
4496,4408
4497,6565
4498,8422
4499,6538
4500,6886
4501,5314
4502,5723
4503,6201
4504,5998
4505,6294
4506,3934
4507,7446
4508,7285
4509,7674
4510,6971
4511,4545
4512,6327
4513,4862
4514,5721
4515,5885
4516,4905
4517,7272
4518,6330
4519,5070
4520,6486
4521,6450
4522,6238
4523,6163
4524,7113
4525,5688
4526,3637
4527,6461
4528,5701
4529,6514
4530,8197
4531,7817
4532,5195
4533,7490
4534,5609
4535,4133
4536,7387
4537,8133
4538,5343
4539,4750
4540,7745
4541,7268
4542,6395
4543,6904
4544,7365
4545,6764
4546,5513
4547,6802
4548,5583
4549,6939
4550,6543
4551,7947
4552,6360
4553,7375
4554,4511
4555,4083
4556,4887
4557,5569
4558,4354
4559,5362
4560,7457
4561,5178
4562,3351
4563,5872
4564,5696
4565,7689
4566,7306
4567,4906
4568,3963
4569,5569
4570,5592
4571,4262
4572,6574
4573,6513
4574,7015
4575,5583
4576,8098
4577,6462
4578,7317
4579,6491
4580,5456
4581,3352
4582,6167
4583,4205
4584,4809
4585,3937
4586,5473
4587,6262
4588,5610
4589,6162
4590,7270
4591,6458
4592,6490
4593,6535
4594,6696
4595,5624
4596,7434
4597,6571
4598,8229
4599,5001
4600,4392
4601,6430
4602,5629
4603,7322
4604,6510
4605,3673
4606,5738
4607,4054
4608,6412
4609,3954
4610,7308
4611,6999
4612,5445
4613,3895
4614,4277
4615,6874
4616,6266
4617,5227
4618,7389
4619,5341
4620,8237
4621,7403
4622,7470
4623,5662
4624,5475
4625,4600
4626,7724
4627,5327
4628,6539
4629,6423
4630,6393
4631,7756
4632,4926
4633,7393
4634,7442
4635,7546
4636,5596
4637,5623
4638,7728
4639,7031
4640,8218
4641,6411
4642,6395
4643,6464
4644,5763
4645,7032
4646,4735
4647,6199
4648,4227
4649,5971
4650,7275
4651,8099
4652,4127
4653,5342
4654,6195
4655,5749
4656,6769
4657,2783
4658,3872
4659,8443
4660,4600
4661,5711
4662,7317
4663,5600
4664,5625
4665,7229
4666,5222
4667,4138
4668,7789
4669,4166
4670,5707
4671,5897
4672,6522
4673,6235
4674,3739
4675,4890
4676,6420
4677,8277
4678,7284
4679,7515
4680,4342
4681,4591
4682,4125
4683,6528
4684,7729
4685,8118
4686,7397
4687,5725
4688,4802
4689,7345
4690,4829
4691,4144
4692,5381
4693,5547
4694,6586
4695,7899
4696,4794
4697,7568
4698,6075
4699,5720
4700,4671
4701,5641
4702,7367
4703,5322
4704,7273
4705,5673
4706,4595
4707,5566
4708,7801
4709,6220
4710,5500
4711,8215
4712,6803
4713,3714
4714,4199
4715,5656
4716,5351
4717,8097
4718,5263
4719,4241
4720,7427
4721,6367
4722,6915
4723,7272
4724,6322
4725,6023
4726,5625
4727,4841
4728,6812
4729,5654
4730,6826
4731,5715
4732,7165
4733,4834
4734,7035
4735,5564
4736,5134
4737,6451
4738,7578
4739,5039
4740,3914
4741,5342
4742,4760
4743,6691
4744,6272
4745,4373
4746,5535
4747,5793
4748,4359
4749,5527
4750,7123
4751,7385
4752,5489
4753,7801
4754,4345
4755,5523
4756,4331
4757,7532
4758,7888
4759,5608
4760,4153
4761,7330
4762,4404
4763,3806
4764,7261
4765,6688
4766,6952
4767,6947
4768,6330
4769,6602
4770,7477
4771,7885
4772,4422
4773,6334
4774,4729
4775,5288
4776,6161
4777,7821
4778,5492
4779,5047
4780,5551
4781,4339
4782,5325
4783,5662
4784,7500
4785,4132
4786,7311
4787,7771
4788,6439
4789,5552
4790,5750
4791,3464
4792,6811
4793,7497
4794,4212
4795,4171
4796,7383
4797,6684
4798,6791
4799,6969
4800,6434
4801,7856
4802,5380
4803,4377
4804,5553
4805,4778
4806,7325
4807,6920
4808,4194
4809,7411
4810,7453
4811,5489
4812,7282
4813,7989
4814,3763
4815,3085
4816,7227
4817,4421
4818,4128
4819,6565
4820,7328
4821,7400
4822,5164
4823,6621
4824,7518
4825,7516
4826,6969
4827,5589
4828,6592
4829,5720
4830,6198
4831,7472
4832,5852
4833,4698
4834,5328
4835,7540
4836,7318
4837,7065
4838,5666
4839,7415
4840,6426
4841,5846
4842,6374
4843,4125
4844,7260
4845,4770
4846,5719
4847,5567
4848,4068
4849,5597
4850,5654
4851,6525
4852,3360
4853,4705
4854,4280
4855,7308
4856,6693
4857,6516
4858,6769
4859,6438
4860,5650
4861,7375
4862,5039
4863,5937
4864,3803
4865,6550
4866,8232
4867,6590
4868,7592
4869,6497
4870,5186
4871,4974
4872,4067
4873,6240
4874,8137
4875,6478
4876,5762
4877,6791
4878,4086
4879,7788
4880,6790
4881,5581
4882,5610
4883,3357
4884,5432
4885,4148
4886,6349
4887,5669
4888,5675
4889,7059
4890,6786
4891,6261
4892,7307
4893,3682
4894,5802
4895,5044
4896,4797
4897,3781
4898,6310
4899,5646
4900,5650
4901,6692
4902,4820
4903,6180
4904,7461
4905,6497
4906,7038
4907,6251
4908,6101
4909,6940
4910,6818
4911,6336
4912,4554
4913,7546
4914,6979
4915,7330
4916,6411
4917,5108
4918,3614
4919,5526
4920,6308
4921,7537
4922,3667
4923,5577
4924,6740
4925,4343
4926,5915
4927,7424
4928,6528
4929,7843
4930,4526
4931,4830
4932,7643
4933,6448
4934,5999
4935,6397
4936,6368
4937,7413
4938,7638
4939,5527
4940,6942
4941,4777
4942,6539
4943,5692
4944,6408
4945,7293
4946,6798
4947,5557
4948,4763
4949,5981
4950,4802
4951,8263
4952,4113
4953,6893
4954,6263
4955,5739
4956,6730
4957,7204
4958,6566
4959,5578
4960,6214
4961,6851
4962,5821
4963,7518
4964,5758
4965,4596
4966,5297
4967,6545
4968,5553
4969,8166
4970,8199
4971,6139
4972,7549
4973,6609
4974,7546
4975,6820
4976,4736
4977,4342
4978,6284
4979,5572
4980,6433
4981,5511
4982,4600
4983,4809
4984,3408
4985,6724
4986,4891
4987,3330
4988,7329
4989,6189
4990,6169
4991,7280
4992,7282
4993,7431
4994,6076
4995,4270
4996,5682
4997,5672
4998,6737
4999,6193
5000,7020
5001,6204
5002,5724
5003,4272
5004,6030
5005,8454
5006,6402
5007,4769
5008,7322
5009,8297
5010,6453
5011,3805
5012,6916
5013,3056
5014,7358
5015,6381
5016,3510
5017,8394
5018,6625
5019,4333
5020,4943
5021,5284
5022,5614
5023,7265
5024,3476
5025,6756
5026,4864
5027,5722
5028,5427
5029,7344
5030,5466
5031,7366
5032,6310
5033,6785
5034,5295
5035,6511
5036,6458
5037,3274
5038,6246
5039,7316
5040,7728
5041,4340
5042,6392
5043,7006
5044,3263
5045,5358
5046,5861
5047,4587
5048,7367
5049,6293
5050,4278
5051,8163
5052,5656
5053,3728
5054,6391
5055,5326
5056,4577
5057,6821
5058,4823
5059,6765
5060,4747
5061,3043
5062,4822
5063,6882
5064,5898
5065,6239
5066,7709
5067,5382
5068,5684
5069,5858
5070,5535
5071,6589
5072,7723
5073,6694
5074,5044
5075,7698
5076,6350
5077,8146
5078,5532
5079,8279
5080,4780
5081,8352
5082,6775
5083,7462
5084,3740
5085,7336
5086,6367
5087,6239
5088,6393
5089,7342
5090,4312
5091,7584
5092,6279
5093,6484
5094,6209
5095,3749
5096,7509
5097,5431
5098,6398
5099,6447
5100,2620
5101,5526
5102,5332
5103,4780
5104,5187
5105,6849
5106,5373
5107,5798
5108,4372
5109,5501
5110,7780
5111,3887
5112,5548
5113,5566
5114,7042
5115,5711
5116,5070
5117,4017
5118,3293
5119,6804
5120,6178
5121,6019
5122,6329
5123,5705
5124,4235
5125,6552
5126,4631
5127,7235
5128,4322
5129,5830
5130,3945
5131,5270
5132,6404
5133,7335
5134,7863
5135,4734
5136,6202
5137,6992
5138,7783
5139,7370
5140,5589
5141,5047
5142,5780
5143,8268
5144,5871
5145,6715
5146,7356
5147,5970
5148,4603
5149,5560
5150,5061
5151,5781
5152,6977
5153,7070
5154,6801
5155,5318
5156,7048
5157,8278
5158,6208
5159,7559
5160,5919
5161,4185
5162,6405
5163,6518
5164,7327
5165,5391
5166,8171
5167,8310
5168,4954
5169,7457
5170,6778
5171,7298
5172,5002
5173,6611
5174,4133
5175,5767
5176,7743
5177,8179
5178,3959
5179,8146
5180,6041
5181,3755
5182,4327
5183,6209
5184,5495
5185,7352
5186,5610
5187,6593
5188,8193
5189,6471
5190,6375
5191,6952
5192,5914
5193,5581
5194,6219
5195,6462
5196,3800
5197,7074
5198,6435
5199,6210
5200,6557
5201,8296
5202,5962
5203,5569
5204,6488
5205,3897
5206,7760
5207,4282
5208,5284
5209,5771
5210,7491
5211,5759
5212,6202
5213,5554
5214,4787
5215,5002
5216,4070
5217,5603
5218,7079
5219,5756
5220,3472
5221,6599
5222,7388
5223,3344
5224,6376
5225,5560
5226,7029
5227,3148
5228,6123
5229,4639
5230,6652
5231,6829
5232,5585
5233,7205
5234,7430
5235,4101
5236,3748
5237,6154
5238,4420
5239,7369
5240,7704
5241,7063
5242,6498
5243,3448
5244,6407
5245,6448
5246,6403
5247,4183
5248,6821
5249,5398
5250,3446
5251,5316
5252,4946
5253,5801
5254,6132
5255,3514
5256,8257
5257,3733
5258,7461
5259,6156
5260,5909
5261,3615
5262,5610
5263,6274
5264,5526
5265,5577
5266,4288
5267,7329
5268,6432
5269,6396
5270,5268
5271,5803
5272,6459
5273,5509
5274,5661
5275,7283
5276,6336
5277,6774
5278,2753
5279,6802
5280,5428
5281,8067
5282,6263
5283,6020
5284,7009
5285,5035
5286,3280
5287,7663
5288,7310
5289,4632
5290,6808
5291,6867
5292,5833
5293,7759
5294,6979
5295,5689
5296,6579
5297,7520
5298,3796
5299,6790
5300,4747
5301,5478
5302,4003
5303,2817
5304,7664
5305,8187
5306,5491
5307,5870
5308,4894
5309,7740
5310,7295
5311,6824
5312,5739
5313,5482
5314,6747
5315,7868
5316,4988
5317,5883
5318,5431
5319,5769
5320,6117
5321,5503
5322,4809
5323,6516
5324,4623
5325,6493
5326,5113
5327,6077
5328,7349
5329,4157
5330,3973
5331,6757
5332,4294
5333,4855
5334,6975
5335,3806
5336,6573
5337,5305
5338,4806
5339,6836
5340,5166
5341,4285
5342,7379
5343,7009
5344,5752
5345,6703
5346,6687
5347,6503
5348,6499
5349,7377
5350,5554
5351,7467
5352,5271
5353,3430
5354,4747
5355,6943
5356,7333
5357,7791
5358,6391
5359,6789
5360,5642
5361,3602
5362,6118
5363,8256
5364,7806
5365,8292
5366,4214
5367,5719
5368,5567
5369,3717
5370,5814
5371,5710
5372,6015
5373,8112
5374,7254
5375,5664
5376,6597
5377,8259
5378,7337
5379,8085
5380,5351
5381,6462
5382,6077
5383,7367
5384,7579
5385,6644
5386,6486
5387,5972
5388,7422
5389,4342
5390,5877
5391,5624
5392,6865
5393,4378
5394,5773
5395,7366
5396,4788
5397,6814
5398,6113
5399,6266
5400,7833
5401,5287
5402,5872
5403,7380
5404,5688
5405,5584
5406,8354
5407,6141
5408,6828
5409,6262
5410,4773
5411,5599
5412,4274
5413,5557
5414,6183
5415,6446
5416,7330
5417,6948
5418,6066
5419,7514
5420,4786
5421,7366
5422,4797
5423,5675
5424,3425
5425,8312
5426,6433
5427,5065
5428,6185
5429,4962
5430,5440
5431,5896
5432,5442
5433,5613
5434,4955
5435,5732
5436,7709
5437,4633
5438,7473
5439,6472
5440,7384
5441,5207
5442,5893
5443,5008
5444,7353
5445,3778
5446,6377
5447,4807
5448,5737
5449,7366
5450,6163
5451,7513
5452,4909
5453,5087
5454,7039
5455,4363
5456,5210
5457,6397
5458,6532
5459,6775
5460,6470
5461,6997
5462,6019
5463,7105
5464,5603
5465,8244
5466,6922
5467,5732
5468,5959
5469,5403
5470,6656
5471,5426
5472,5547
5473,4309
5474,6210
5475,4766
5476,4349
5477,4621
5478,8112
5479,4324
5480,5567
5481,6463
5482,6558
5483,6447
5484,6212
5485,7525
5486,5483
5487,8210
5488,6292
5489,7488
5490,5733
5491,6293
5492,8143
5493,7527
5494,7291
5495,7428
5496,4549
5497,6455
5498,7365
5499,5613
5500,6836
5501,5493
5502,6358
5503,5372
5504,4812
5505,6997
5506,7432
5507,7448
5508,6177
5509,5590
5510,5833
5511,6060
5512,5776
5513,6388
5514,5726
5515,5316
5516,3839
5517,7323
5518,5525
5519,5575
5520,6731
5521,6374
5522,6550
5523,4195
5524,5886
5525,5775
5526,5325
5527,6624
5528,7484
5529,6844
5530,8040
5531,4658
5532,7638
5533,5551
5534,7026
5535,6956
5536,6956
5537,5425
5538,4380
5539,7488
5540,6781
5541,6451
5542,6145
5543,4195
5544,6926
5545,7498
5546,5570
5547,8424
5548,4411
5549,4068
5550,7752
5551,7817
5552,6469
5553,5981
5554,6539
5555,3702
5556,7397
5557,5148
5558,6586
5559,6189
5560,7304
5561,6342
5562,6159
5563,6383
5564,4330
5565,7433
5566,4851
5567,4721
5568,6465
5569,5915
5570,5130
5571,5072
5572,6628
5573,6283
5574,5828
5575,8116
5576,6205
5577,5368
5578,3957
5579,6237
5580,6586
5581,6788
5582,3716
5583,7763
5584,4785
5585,3888
5586,3460
5587,7581
5588,7473
5589,5622
5590,6952
5591,6571
5592,7561
5593,3970
5594,7295
5595,4318
5596,5608
5597,7580
5598,6771
5599,4809
5600,4605
5601,5385
5602,4847
5603,7833
5604,6810
5605,6172
5606,7375
5607,7668
5608,7312
5609,5120
5610,4708
5611,4892
5612,4646
5613,5868
5614,6511
5615,3546
5616,8071
5617,5626
5618,8279
5619,5627
5620,7348
5621,5393
5622,7847
5623,7553
5624,7511
5625,7588
5626,4858
5627,6185
5628,4016
5629,7043
5630,4318
5631,6250
5632,4622
5633,6401
5634,5046
5635,5695
5636,4759
5637,5714
5638,5628
5639,5292
5640,6021
5641,7373
5642,3917
5643,7803
5644,7426
5645,5482
5646,7337
5647,5071
5648,7080
5649,7355
5650,4251
5651,8174
5652,6448
5653,4642
5654,6267
5655,6146
5656,7372
5657,7390
5658,6057
5659,6433
5660,3838
5661,4291
5662,5598
5663,8133
5664,7355
5665,6791
5666,5337
5667,6763
5668,6540
5669,3871
5670,7359
5671,7799
5672,5814
5673,6417
5674,6357
5675,6564
5676,5342
5677,3375
5678,7419
5679,7018
5680,7340
5681,6897
5682,3685
5683,4770
5684,5608
5685,5852
5686,6410
5687,7243
5688,7503
5689,7582
5690,3469
5691,5444
5692,6764
5693,6609
5694,8244
5695,2519
5696,7382
5697,7363
5698,4226
5699,5358
5700,7089
5701,6508
5702,5233
5703,6048
5704,5562
5705,6415
5706,6770
5707,6473
5708,8247
5709,4418
5710,5440
5711,5008
5712,5923
5713,7640
5714,4348
5715,7590
5716,6930
5717,7538
5718,3841
5719,5560
5720,4483
5721,7262
5722,6693
5723,6242
5724,5380
5725,4971
5726,5959
5727,7857
5728,6519
5729,3999
5730,6601
5731,5650
5732,4623
5733,7444
5734,4152
5735,7370
5736,7122
5737,4371
5738,7450
5739,5593
5740,5943
5741,7862
5742,7422
5743,6624
5744,4897
5745,4808
5746,4206
5747,8124
5748,3911
5749,6826
5750,5266
5751,6813
5752,7516
5753,6790
5754,6379
5755,4565
5756,5602
5757,5278
5758,5585
5759,5301
5760,4177
5761,6951
5762,6538
5763,5376
5764,5239
5765,6934
5766,7232
5767,5510
5768,3835
5769,5978
5770,3881
5771,7331
5772,5076
5773,4780
5774,6536
5775,6413
5776,6377
5777,6117
5778,5866
5779,3415
5780,6214
5781,7782
5782,4609
5783,7194
5784,5634
5785,6975
5786,4810
5787,7087
5788,5550
5789,7297
5790,5591
5791,4337
5792,6453
5793,6998
5794,5802
5795,7039
5796,7256
5797,6780
5798,3837
5799,7356
5800,6562
5801,6704
5802,2827
5803,7107
5804,6241
5805,7348
5806,6153
5807,7492
5808,7023
5809,8278
5810,5052
5811,6070
5812,6129
5813,6566
5814,7764
5815,6444
5816,4079
5817,7507
5818,7023
5819,4736
5820,3329
5821,5929
5822,6212
5823,5591
5824,4800
5825,4267
5826,4714
5827,6463
5828,7522
5829,6792
5830,6859
5831,6559
5832,7576
5833,5570
5834,7357
5835,6841
5836,5868
5837,4873
5838,6553
5839,8287
5840,7375
5841,7687
5842,4838
5843,7420
5844,6586
5845,6406
5846,5511
5847,6130
5848,3556
5849,7666
5850,7725
5851,7084
5852,5603
5853,6074
5854,6728
5855,6186
5856,5323
5857,6738
5858,6418
5859,8059
5860,5388
5861,7417
5862,6236
5863,5929
5864,5935
5865,4126
5866,4286
5867,5501
5868,4465
5869,3388
5870,6566
5871,7318
5872,7566
5873,4934
5874,6006
5875,6694
5876,4778
5877,5539
5878,7340
5879,5563
5880,5262
5881,7003
5882,6818
5883,6728
5884,4656
5885,4809
5886,6968
5887,5872
5888,8078
5889,5892
5890,7771
5891,6867
5892,7555
5893,5302
5894,6771
5895,5545
5896,5972
5897,7342
5898,4268
5899,7493
5900,7327
5901,6457
5902,6980
5903,7019
5904,5659
5905,3239
5906,4917
5907,7381
5908,6379
5909,5579
5910,8133
5911,6144
5912,4619
5913,6375
5914,7291
5915,5953
5916,7496
5917,6359
5918,6101
5919,5876
5920,5388
5921,5683
5922,6424
5923,4282
5924,7292
5925,4743
5926,7436
5927,7496
5928,6746
5929,8302
5930,5575
5931,7389
5932,7858
5933,4373
5934,8146
5935,4425
5936,6548
5937,5529
5938,4400
5939,7500
5940,4947
5941,6073
5942,4740
5943,4433
5944,6830
5945,6439
5946,7704
5947,6583
5948,4847
5949,6627
5950,6798
5951,4650
5952,7722
5953,7418
5954,6487
5955,4355
5956,5315
5957,4335
5958,4247
5959,5061
5960,5792
5961,6978
5962,5648
5963,7179
5964,4709
5965,6988
5966,3395
5967,7376
5968,7470
5969,6536
5970,7475
5971,5519
5972,6558
5973,7019
5974,5582
5975,7277
5976,4632
5977,3362
5978,3808
5979,7346
5980,7216
5981,5257
5982,5444
5983,5150
5984,5568
5985,4406
5986,6460
5987,5511
5988,6106
5989,5641
5990,5494
5991,5636
5992,8307
5993,5929
5994,6589
5995,4521
5996,4395
5997,8129
5998,4238
5999,6453
6000,5589
6001,2561
